Algorithm,Mean pLDDT
AlphaFold2,92.74951776714066
AlphaFold3,94.14502573167375
ESM3-Large,1.0
ESM3-Open,1.0
ESMFold,85.9813528821141
Ember3D,70.31334491784006
