Algorithm,Mean pLDDT
AlphaFold2,97.74437030527255
AlphaFold3,97.17011435912133
ESM3-Large,1.0
ESM3-Open,1.0
ESMFold,89.6265380261621
Ember3D,66.2961779086967
