Algorithm,Mean pLDDT
AlphaFold2,95.30741563951446
AlphaFold3,93.17201415043878
ESM3-Large,1.0
ESM3-Open,1.0
ESMFold,78.63876494832176
Ember3D,37.250625487541335
